<?xml version="1.0"?>
<partnerServiceConfiguration><headend><headendId>access1</headendId><partnerId>tivo:pt.4812</partnerId><configuration><application><description>netflix jump channel</description><name>Netflix</name><reference><uiDestinationId>tivo:ud.1013732</uiDestinationId></reference></application><association><description>Watch TV shows and movies recommended just for you, including award-winning Netflix original series, movies, and documentaries</description><shortName>NETFLIX</shortName><virtualChannelNumber>3001</virtualChannelNumber></association><autoStart>true</autoStart><delayed>5000</delayed><name>Netflix</name><version>1</version></configuration></headend><headend><headendId>access2</headendId><partnerId>tivo:pt.4812</partnerId><configuration><application><description>netflix jump channel</description><name>Netflix</name><reference><uiDestinationId>tivo:ud.1013732</uiDestinationId></reference></application><association><description>Watch TV shows and movies recommended just for you, including award-winning Netflix original series, movies, and documentaries</description><shortName>NETFLIX</shortName><virtualChannelNumber>3001</virtualChannelNumber></association><autoStart>true</autoStart><delayed>5000</delayed><name>Netflix</name><version>1</version></configuration></headend><headend><headendId>access3</headendId><partnerId>tivo:pt.4812</partnerId><configuration><application><description>netflix jump channel</description><name>Netflix</name><reference><uiDestinationId>tivo:ud.1013732</uiDestinationId></reference></application><association><description>Watch TV shows and movies recommended just for you, including award-winning Netflix original series, movies, and documentaries</description><shortName>NETFLIX</shortName><virtualChannelNumber>3001</virtualChannelNumber></association><autoStart>true</autoStart><delayed>5000</delayed><name>Netflix</name><version>1</version></configuration></headend><headend><headendId>access4</headendId><partnerId>tivo:pt.4812</partnerId><configuration><application><description>netflix jump channel</description><name>Netflix</name><reference><uiDestinationId>tivo:ud.1013732</uiDestinationId></reference></application><association><description>Watch TV shows and movies recommended just for you, including award-winning Netflix original series, movies, and documentaries</description><shortName>NETFLIX</shortName><virtualChannelNumber>3001</virtualChannelNumber></association><autoStart>true</autoStart><delayed>5000</delayed><name>Netflix</name><version>1</version></configuration></headend><headend><headendId>autostaging</headendId><partnerId>tivo:pt.4812</partnerId><configuration><application><description>Netflix jump channel</description><name>Netflix</name><reference><uiDestinationId>tivo:ud.1013732</uiDestinationId></reference></application><association><description>Watch TV shows and movies recommended just for you, including award-winning Netflix original series, movies, and documentaries.</description><shortName>Netflix</shortName><virtualChannelNumber>3001</virtualChannelNumber></association><autoStart>true</autoStart><delayed>5000</delayed><name>Netflix jump channel</name><version>1</version></configuration></headend><headend><headendId>autostagingca</headendId><partnerId>tivo:pt.4812</partnerId><configuration><application><description>Netflix jump channel</description><name>Netflix</name><reference><uiDestinationId>tivo:ud.1013732</uiDestinationId></reference></application><association><description>Watch TV shows and movies recommended just for you, including award-winning Netflix original series, movies, and documentaries.</description><shortName>Netflix</shortName><virtualChannelNumber>3001</virtualChannelNumber></association><autoStart>true</autoStart><delayed>5000</delayed><name>Netflix jump channel</name><version>1</version></configuration></headend><headend><headendId>vast1</headendId><partnerId>tivo:pt.4812</partnerId><configuration><application><description>Netflix jump channel</description><name>Netflix</name><reference><uiDestinationId>tivo:ud.1013732</uiDestinationId></reference></application><association><description>Watch TV shows and movies recommended just for you, including award-winning Netflix original series, movies, and documentaries.</description><shortName>Netflix</shortName><virtualChannelNumber>3001</virtualChannelNumber></association><autoStart>true</autoStart><delayed>5000</delayed><name>Netflix jump channel</name><version>1</version></configuration></headend></partnerServiceConfiguration>
