<?xml version="1.0"?>
<partnerServiceConfiguration><headend><headendId>broward</headendId><partnerId>tivo:pt.5221</partnerId><configuration><applicableDeviceType>stb</applicableDeviceType><application><description>Netflix jump channel</description><name>Netflix</name><reference><uiDestinationId>tivo:ud.1013732</uiDestinationId></reference></application><association><description>Watch TV shows and movies recommended just for you, including award-winning Netflix original series, movies, and documentaries.</description><longName>Unlimited TV shows and movies</longName><shortName>Netflix</shortName><virtualChannelNumber>3001</virtualChannelNumber></association><autoStart>true</autoStart><delayed>5000</delayed><name>Netflix</name><version>1</version></configuration><configuration><applicableDeviceType>stb</applicableDeviceType><application><description>Prime Video jump channel</description><name>Prime Video</name><reference><uiDestinationId>tivo:ud.1006382</uiDestinationId></reference></application><association><description>Movies, shows, award-winning Amazon Originals, premium channels, sports and more. New Releases. Watch on any device. Hit shows and movies. 4K+HDR compatible content.</description><longName>Watch Now</longName><shortName>Prime Video</shortName><virtualChannelNumber>3002</virtualChannelNumber></association><autoStart>true</autoStart><delayed>5000</delayed><name>Prime Video</name><version>1</version></configuration><configuration><applicableDeviceType>stb</applicableDeviceType><application><description>YouTube jump channel</description><name>YouTube</name><reference><uiDestinationId>tivo:ud.1006122</uiDestinationId></reference></application><association><description>See what the world is watching in music, gaming, entertainment, news and more on YouTube.</description><longName>Watch Now</longName><shortName>YouTube</shortName><virtualChannelNumber>3003</virtualChannelNumber></association><autoStart>true</autoStart><delayed>5000</delayed><name>YouTube</name><version>1</version></configuration><configuration><applicableDeviceType>stb</applicableDeviceType><application><description>BlueStreamDEV On Demand ch.3005</description><name>BlueStreamDEV On Demand</name><reference><uiDestinationId>tivo:ud.1015422</uiDestinationId></reference></application><association><description>VOD root</description><longName>Video On Demand</longName><shortName>VOD</shortName><virtualChannelNumber>3005</virtualChannelNumber></association><autoStart>true</autoStart><delayed>5000</delayed><name>BlueStreamDEV On Demand</name><version>1</version></configuration></headend><headend><headendId>broward_ip</headendId><partnerId>tivo:pt.5221</partnerId><configuration><applicableDeviceType>androidTv</applicableDeviceType><applicableDeviceType>androidTvSony</applicableDeviceType><applicableDeviceType>appleTv</applicableDeviceType><applicableDeviceType>managedAndroidTv</applicableDeviceType><application><description>Netflix jump channel</description><name>Netflix</name><reference><uiDestinationId>tivo:ud.1013732</uiDestinationId></reference></application><association><description>Watch TV shows and movies recommended just for you, including award-winning Netflix original series, movies, and documentaries.</description><longName>Unlimited TV shows and movies</longName><shortName>Netflix</shortName><virtualChannelNumber>3001</virtualChannelNumber></association><autoStart>true</autoStart><delayed>5000</delayed><name>Netflix</name><version>1</version></configuration><configuration><applicableDeviceType>androidTv</applicableDeviceType><applicableDeviceType>androidTvSony</applicableDeviceType><applicableDeviceType>appleTv</applicableDeviceType><applicableDeviceType>managedAndroidTv</applicableDeviceType><application><description>Prime Video jump channel</description><name>Prime Video</name><reference><uiDestinationId>tivo:ud.1006382</uiDestinationId></reference></application><association><description>Movies, shows, award-winning Amazon Originals, premium channels, sports and more. New Releases. Watch on any device. Hit shows and movies. 4K+HDR compatible content.</description><longName>Watch Now</longName><shortName>Prime Video</shortName><virtualChannelNumber>3002</virtualChannelNumber></association><autoStart>true</autoStart><delayed>5000</delayed><name>Prime Video</name><version>1</version></configuration><configuration><applicableDeviceType>androidTv</applicableDeviceType><applicableDeviceType>androidTvSony</applicableDeviceType><applicableDeviceType>appleTv</applicableDeviceType><applicableDeviceType>managedAndroidTv</applicableDeviceType><application><description>YouTube jump channel</description><name>YouTube</name><reference><uiDestinationId>tivo:ud.1006122</uiDestinationId></reference></application><association><description>See what the world is watching in music, gaming, entertainment, news and more on YouTube.</description><longName>Watch Now</longName><shortName>YouTube</shortName><virtualChannelNumber>3003</virtualChannelNumber></association><autoStart>true</autoStart><delayed>5000</delayed><name>YouTube</name><version>1</version></configuration><configuration><applicableDeviceType>androidTv</applicableDeviceType><applicableDeviceType>androidTvSony</applicableDeviceType><applicableDeviceType>appleTv</applicableDeviceType><applicableDeviceType>fireTv</applicableDeviceType><applicableDeviceType>managedAndroidTv</applicableDeviceType><application><description>BlueStreamDEV On Demand ch.3005</description><name>BlueStreamDEV On Demand</name><reference><uiDestinationId>tivo:ud.1015422</uiDestinationId></reference></application><association><description>VOD root</description><longName>Video On Demand</longName><shortName>VOD</shortName><virtualChannelNumber>3005</virtualChannelNumber></association><autoStart>true</autoStart><delayed>5000</delayed><name>BlueStreamDEV On Demand</name><version>1</version></configuration></headend><headend><headendId>coralsprings</headendId><partnerId>tivo:pt.5221</partnerId><configuration><applicableDeviceType>stb</applicableDeviceType><application><description>Netflix jump channel</description><name>Netflix</name><reference><uiDestinationId>tivo:ud.1013732</uiDestinationId></reference></application><association><description>Watch TV shows and movies recommended just for you, including award-winning Netflix original series, movies, and documentaries.</description><longName>Unlimited TV shows and movies</longName><shortName>Netflix</shortName><virtualChannelNumber>3001</virtualChannelNumber></association><autoStart>true</autoStart><delayed>5000</delayed><name>Netflix</name><version>1</version></configuration><configuration><applicableDeviceType>stb</applicableDeviceType><application><description>Prime Video jump channel</description><name>Prime Video</name><reference><uiDestinationId>tivo:ud.1006382</uiDestinationId></reference></application><association><description>Movies, shows, award-winning Amazon Originals, premium channels, sports and more. New Releases. Watch on any device. Hit shows and movies. 4K+HDR compatible content.</description><longName>Watch Now</longName><shortName>Prime Video</shortName><virtualChannelNumber>3002</virtualChannelNumber></association><autoStart>true</autoStart><delayed>5000</delayed><name>Prime Video</name><version>1</version></configuration><configuration><applicableDeviceType>stb</applicableDeviceType><application><description>YouTube jump channel</description><name>YouTube</name><reference><uiDestinationId>tivo:ud.1006122</uiDestinationId></reference></application><association><description>See what the world is watching in music, gaming, entertainment, news and more on YouTube.</description><longName>Watch Now</longName><shortName>YouTube</shortName><virtualChannelNumber>3003</virtualChannelNumber></association><autoStart>true</autoStart><delayed>5000</delayed><name>YouTube</name><version>1</version></configuration><configuration><applicableDeviceType>stb</applicableDeviceType><application><description>BlueStreamDEV On Demand ch.3005</description><name>BlueStreamDEV On Demand</name><reference><uiDestinationId>tivo:ud.1015422</uiDestinationId></reference></application><association><description>VOD root</description><longName>Video On Demand</longName><shortName>VOD</shortName><virtualChannelNumber>3005</virtualChannelNumber></association><autoStart>true</autoStart><delayed>5000</delayed><name>BlueStreamDEV On Demand</name><version>1</version></configuration></headend><headend><headendId>coralsprings_ip</headendId><partnerId>tivo:pt.5221</partnerId><configuration><applicableDeviceType>androidTv</applicableDeviceType><applicableDeviceType>androidTvSony</applicableDeviceType><applicableDeviceType>appleTv</applicableDeviceType><applicableDeviceType>managedAndroidTv</applicableDeviceType><application><description>Netflix jump channel</description><name>Netflix</name><reference><uiDestinationId>tivo:ud.1013732</uiDestinationId></reference></application><association><description>Watch TV shows and movies recommended just for you, including award-winning Netflix original series, movies, and documentaries.</description><longName>Unlimited TV shows and movies</longName><shortName>Netflix</shortName><virtualChannelNumber>3001</virtualChannelNumber></association><autoStart>true</autoStart><delayed>5000</delayed><name>Netflix</name><version>1</version></configuration><configuration><applicableDeviceType>androidTv</applicableDeviceType><applicableDeviceType>androidTvSony</applicableDeviceType><applicableDeviceType>appleTv</applicableDeviceType><applicableDeviceType>managedAndroidTv</applicableDeviceType><application><description>Prime Video jump channel</description><name>Prime Video</name><reference><uiDestinationId>tivo:ud.1006382</uiDestinationId></reference></application><association><description>Movies, shows, award-winning Amazon Originals, premium channels, sports and more. New Releases. Watch on any device. Hit shows and movies. 4K+HDR compatible content.</description><longName>Watch Now</longName><shortName>Prime Video</shortName><virtualChannelNumber>3002</virtualChannelNumber></association><autoStart>true</autoStart><delayed>5000</delayed><name>Prime Video</name><version>1</version></configuration><configuration><applicableDeviceType>androidTv</applicableDeviceType><applicableDeviceType>androidTvSony</applicableDeviceType><applicableDeviceType>appleTv</applicableDeviceType><applicableDeviceType>managedAndroidTv</applicableDeviceType><application><description>YouTube jump channel</description><name>YouTube</name><reference><uiDestinationId>tivo:ud.1006122</uiDestinationId></reference></application><association><description>See what the world is watching in music, gaming, entertainment, news and more on YouTube.</description><longName>Watch Now</longName><shortName>YouTube</shortName><virtualChannelNumber>3003</virtualChannelNumber></association><autoStart>true</autoStart><delayed>5000</delayed><name>YouTube</name><version>1</version></configuration><configuration><applicableDeviceType>androidTv</applicableDeviceType><applicableDeviceType>androidTvSony</applicableDeviceType><applicableDeviceType>appleTv</applicableDeviceType><applicableDeviceType>fireTv</applicableDeviceType><applicableDeviceType>managedAndroidTv</applicableDeviceType><application><description>BlueStreamDEV On Demand ch.3005</description><name>BlueStreamDEV On Demand</name><reference><uiDestinationId>tivo:ud.1015422</uiDestinationId></reference></application><association><description>VOD root</description><longName>Video On Demand</longName><shortName>VOD</shortName><virtualChannelNumber>3005</virtualChannelNumber></association><autoStart>true</autoStart><delayed>5000</delayed><name>BlueStreamDEV On Demand</name><version>1</version></configuration></headend><headend><headendId>delray_ip</headendId><partnerId>tivo:pt.5221</partnerId><configuration><applicableDeviceType>androidTv</applicableDeviceType><applicableDeviceType>androidTvSony</applicableDeviceType><applicableDeviceType>appleTv</applicableDeviceType><applicableDeviceType>managedAndroidTv</applicableDeviceType><application><description>Netflix jump channel</description><name>Netflix</name><reference><uiDestinationId>tivo:ud.1013732</uiDestinationId></reference></application><association><description>Watch TV shows and movies recommended just for you, including award-winning Netflix original series, movies, and documentaries.</description><longName>Unlimited TV shows and movies</longName><shortName>Netflix</shortName><virtualChannelNumber>3001</virtualChannelNumber></association><autoStart>true</autoStart><delayed>5000</delayed><name>Netflix</name><version>1</version></configuration><configuration><applicableDeviceType>androidTv</applicableDeviceType><applicableDeviceType>androidTvSony</applicableDeviceType><applicableDeviceType>appleTv</applicableDeviceType><applicableDeviceType>managedAndroidTv</applicableDeviceType><application><description>Prime Video jump channel</description><name>Prime Video</name><reference><uiDestinationId>tivo:ud.1006382</uiDestinationId></reference></application><association><description>Movies, shows, award-winning Amazon Originals, premium channels, sports and more. New Releases. Watch on any device. Hit shows and movies. 4K+HDR compatible content.</description><longName>Watch Now</longName><shortName>Prime Video</shortName><virtualChannelNumber>3002</virtualChannelNumber></association><autoStart>true</autoStart><delayed>5000</delayed><name>Prime Video</name><version>1</version></configuration><configuration><applicableDeviceType>androidTv</applicableDeviceType><applicableDeviceType>androidTvSony</applicableDeviceType><applicableDeviceType>appleTv</applicableDeviceType><applicableDeviceType>managedAndroidTv</applicableDeviceType><application><description>YouTube jump channel</description><name>YouTube</name><reference><uiDestinationId>tivo:ud.1006122</uiDestinationId></reference></application><association><description>See what the world is watching in music, gaming, entertainment, news and more on YouTube.</description><longName>Watch Now</longName><shortName>YouTube</shortName><virtualChannelNumber>3003</virtualChannelNumber></association><autoStart>true</autoStart><delayed>5000</delayed><name>YouTube</name><version>1</version></configuration><configuration><applicableDeviceType>androidTv</applicableDeviceType><applicableDeviceType>androidTvSony</applicableDeviceType><applicableDeviceType>appleTv</applicableDeviceType><applicableDeviceType>fireTv</applicableDeviceType><applicableDeviceType>managedAndroidTv</applicableDeviceType><application><description>BlueStreamDEV On Demand ch.3005</description><name>BlueStreamDEV On Demand</name><reference><uiDestinationId>tivo:ud.1015422</uiDestinationId></reference></application><association><description>VOD root</description><longName>Video On Demand</longName><shortName>VOD</shortName><virtualChannelNumber>3005</virtualChannelNumber></association><autoStart>true</autoStart><delayed>5000</delayed><name>BlueStreamDEV On Demand</name><version>1</version></configuration></headend><headend><headendId>highpoint</headendId><partnerId>tivo:pt.5221</partnerId><configuration><applicableDeviceType>stb</applicableDeviceType><application><description>Netflix jump channel</description><name>Netflix</name><reference><uiDestinationId>tivo:ud.1013732</uiDestinationId></reference></application><association><description>Watch TV shows and movies recommended just for you, including award-winning Netflix original series, movies, and documentaries.</description><longName>Unlimited TV shows and movies</longName><shortName>Netflix</shortName><virtualChannelNumber>3001</virtualChannelNumber></association><autoStart>true</autoStart><delayed>5000</delayed><name>Netflix</name><version>1</version></configuration><configuration><applicableDeviceType>stb</applicableDeviceType><application><description>Prime Video jump channel</description><name>Prime Video</name><reference><uiDestinationId>tivo:ud.1006382</uiDestinationId></reference></application><association><description>Movies, shows, award-winning Amazon Originals, premium channels, sports and more. New Releases. Watch on any device. Hit shows and movies. 4K+HDR compatible content.</description><longName>Watch Now</longName><shortName>Prime Video</shortName><virtualChannelNumber>3002</virtualChannelNumber></association><autoStart>true</autoStart><delayed>5000</delayed><name>Prime Video</name><version>1</version></configuration><configuration><applicableDeviceType>stb</applicableDeviceType><application><description>YouTube jump channel</description><name>YouTube</name><reference><uiDestinationId>tivo:ud.1006122</uiDestinationId></reference></application><association><description>See what the world is watching in music, gaming, entertainment, news and more on YouTube.</description><longName>Watch Now</longName><shortName>YouTube</shortName><virtualChannelNumber>3003</virtualChannelNumber></association><autoStart>true</autoStart><delayed>5000</delayed><name>YouTube</name><version>1</version></configuration><configuration><applicableDeviceType>stb</applicableDeviceType><application><description>BlueStreamDEV On Demand ch.3005</description><name>BlueStreamDEV On Demand</name><reference><uiDestinationId>tivo:ud.1015422</uiDestinationId></reference></application><association><description>VOD root</description><longName>Video On Demand</longName><shortName>VOD</shortName><virtualChannelNumber>3005</virtualChannelNumber></association><autoStart>true</autoStart><delayed>5000</delayed><name>BlueStreamDEV On Demand</name><version>1</version></configuration></headend><headend><headendId>highpoint_ip</headendId><partnerId>tivo:pt.5221</partnerId><configuration><applicableDeviceType>androidTv</applicableDeviceType><applicableDeviceType>androidTvSony</applicableDeviceType><applicableDeviceType>appleTv</applicableDeviceType><applicableDeviceType>managedAndroidTv</applicableDeviceType><application><description>Netflix jump channel</description><name>Netflix</name><reference><uiDestinationId>tivo:ud.1013732</uiDestinationId></reference></application><association><description>Watch TV shows and movies recommended just for you, including award-winning Netflix original series, movies, and documentaries.</description><longName>Unlimited TV shows and movies</longName><shortName>Netflix</shortName><virtualChannelNumber>3001</virtualChannelNumber></association><autoStart>true</autoStart><delayed>5000</delayed><name>Netflix</name><version>1</version></configuration><configuration><applicableDeviceType>androidTv</applicableDeviceType><applicableDeviceType>androidTvSony</applicableDeviceType><applicableDeviceType>appleTv</applicableDeviceType><applicableDeviceType>managedAndroidTv</applicableDeviceType><application><description>Prime Video jump channel</description><name>Prime Video</name><reference><uiDestinationId>tivo:ud.1006382</uiDestinationId></reference></application><association><description>Movies, shows, award-winning Amazon Originals, premium channels, sports and more. New Releases. Watch on any device. Hit shows and movies. 4K+HDR compatible content.</description><longName>Watch Now</longName><shortName>Prime Video</shortName><virtualChannelNumber>3002</virtualChannelNumber></association><autoStart>true</autoStart><delayed>5000</delayed><name>Prime Video</name><version>1</version></configuration><configuration><applicableDeviceType>androidTv</applicableDeviceType><applicableDeviceType>androidTvSony</applicableDeviceType><applicableDeviceType>appleTv</applicableDeviceType><applicableDeviceType>managedAndroidTv</applicableDeviceType><application><description>YouTube jump channel</description><name>YouTube</name><reference><uiDestinationId>tivo:ud.1006122</uiDestinationId></reference></application><association><description>See what the world is watching in music, gaming, entertainment, news and more on YouTube.</description><longName>Watch Now</longName><shortName>YouTube</shortName><virtualChannelNumber>3003</virtualChannelNumber></association><autoStart>true</autoStart><delayed>5000</delayed><name>YouTube</name><version>1</version></configuration><configuration><applicableDeviceType>androidTv</applicableDeviceType><applicableDeviceType>androidTvSony</applicableDeviceType><applicableDeviceType>appleTv</applicableDeviceType><applicableDeviceType>fireTv</applicableDeviceType><applicableDeviceType>managedAndroidTv</applicableDeviceType><application><description>BlueStreamDEV On Demand ch.3005</description><name>BlueStreamDEV On Demand</name><reference><uiDestinationId>tivo:ud.1015422</uiDestinationId></reference></application><association><description>VOD root</description><longName>Video On Demand</longName><shortName>VOD</shortName><virtualChannelNumber>3005</virtualChannelNumber></association><autoStart>true</autoStart><delayed>5000</delayed><name>BlueStreamDEV On Demand</name><version>1</version></configuration></headend><headend><headendId>jacksonville_ip</headendId><partnerId>tivo:pt.5221</partnerId><configuration><applicableDeviceType>androidTv</applicableDeviceType><applicableDeviceType>androidTvSony</applicableDeviceType><applicableDeviceType>appleTv</applicableDeviceType><applicableDeviceType>managedAndroidTv</applicableDeviceType><application><description>Netflix jump channel</description><name>Netflix</name><reference><uiDestinationId>tivo:ud.1013732</uiDestinationId></reference></application><association><description>Watch TV shows and movies recommended just for you, including award-winning Netflix original series, movies, and documentaries.</description><longName>Unlimited TV shows and movies</longName><shortName>Netflix</shortName><virtualChannelNumber>3001</virtualChannelNumber></association><autoStart>true</autoStart><delayed>5000</delayed><name>Netflix</name><version>1</version></configuration><configuration><applicableDeviceType>androidTv</applicableDeviceType><applicableDeviceType>androidTvSony</applicableDeviceType><applicableDeviceType>appleTv</applicableDeviceType><applicableDeviceType>managedAndroidTv</applicableDeviceType><application><description>Prime Video jump channel</description><name>Prime Video</name><reference><uiDestinationId>tivo:ud.1006382</uiDestinationId></reference></application><association><description>Movies, shows, award-winning Amazon Originals, premium channels, sports and more. New Releases. Watch on any device. Hit shows and movies. 4K+HDR compatible content.</description><longName>Watch Now</longName><shortName>Prime Video</shortName><virtualChannelNumber>3002</virtualChannelNumber></association><autoStart>true</autoStart><delayed>5000</delayed><name>Prime Video</name><version>1</version></configuration><configuration><applicableDeviceType>androidTv</applicableDeviceType><applicableDeviceType>androidTvSony</applicableDeviceType><applicableDeviceType>appleTv</applicableDeviceType><applicableDeviceType>managedAndroidTv</applicableDeviceType><application><description>YouTube jump channel</description><name>YouTube</name><reference><uiDestinationId>tivo:ud.1006122</uiDestinationId></reference></application><association><description>See what the world is watching in music, gaming, entertainment, news and more on YouTube.</description><longName>Watch Now</longName><shortName>YouTube</shortName><virtualChannelNumber>3003</virtualChannelNumber></association><autoStart>true</autoStart><delayed>5000</delayed><name>YouTube</name><version>1</version></configuration><configuration><applicableDeviceType>androidTv</applicableDeviceType><applicableDeviceType>androidTvSony</applicableDeviceType><applicableDeviceType>appleTv</applicableDeviceType><applicableDeviceType>fireTv</applicableDeviceType><applicableDeviceType>managedAndroidTv</applicableDeviceType><application><description>BlueStreamDEV On Demand ch.3005</description><name>BlueStreamDEV On Demand</name><reference><uiDestinationId>tivo:ud.1015422</uiDestinationId></reference></application><association><description>VOD root</description><longName>Video On Demand</longName><shortName>VOD</shortName><virtualChannelNumber>3005</virtualChannelNumber></association><autoStart>true</autoStart><delayed>5000</delayed><name>BlueStreamDEV On Demand</name><version>1</version></configuration></headend><headend><headendId>naples</headendId><partnerId>tivo:pt.5221</partnerId><configuration><applicableDeviceType>stb</applicableDeviceType><application><description>Netflix jump channel</description><name>Netflix</name><reference><uiDestinationId>tivo:ud.1013732</uiDestinationId></reference></application><association><description>Watch TV shows and movies recommended just for you, including award-winning Netflix original series, movies, and documentaries.</description><longName>Unlimited TV shows and movies</longName><shortName>Netflix</shortName><virtualChannelNumber>3001</virtualChannelNumber></association><autoStart>true</autoStart><delayed>5000</delayed><name>Netflix</name><version>1</version></configuration><configuration><applicableDeviceType>stb</applicableDeviceType><application><description>Prime Video jump channel</description><name>Prime Video</name><reference><uiDestinationId>tivo:ud.1006382</uiDestinationId></reference></application><association><description>Movies, shows, award-winning Amazon Originals, premium channels, sports and more. New Releases. Watch on any device. Hit shows and movies. 4K+HDR compatible content.</description><longName>Watch Now</longName><shortName>Prime Video</shortName><virtualChannelNumber>3002</virtualChannelNumber></association><autoStart>true</autoStart><delayed>5000</delayed><name>Prime Video</name><version>1</version></configuration><configuration><applicableDeviceType>stb</applicableDeviceType><application><description>YouTube jump channel</description><name>YouTube</name><reference><uiDestinationId>tivo:ud.1006122</uiDestinationId></reference></application><association><description>See what the world is watching in music, gaming, entertainment, news and more on YouTube.</description><longName>Watch Now</longName><shortName>YouTube</shortName><virtualChannelNumber>3003</virtualChannelNumber></association><autoStart>true</autoStart><delayed>5000</delayed><name>YouTube</name><version>1</version></configuration><configuration><applicableDeviceType>stb</applicableDeviceType><application><description>BlueStreamDEV On Demand ch.3005</description><name>BlueStreamDEV On Demand</name><reference><uiDestinationId>tivo:ud.1015422</uiDestinationId></reference></application><association><description>VOD root</description><longName>Video On Demand</longName><shortName>VOD</shortName><virtualChannelNumber>3005</virtualChannelNumber></association><autoStart>true</autoStart><delayed>5000</delayed><name>BlueStreamDEV On Demand</name><version>1</version></configuration></headend><headend><headendId>naples_ip</headendId><partnerId>tivo:pt.5221</partnerId><configuration><applicableDeviceType>androidTv</applicableDeviceType><applicableDeviceType>androidTvSony</applicableDeviceType><applicableDeviceType>appleTv</applicableDeviceType><applicableDeviceType>managedAndroidTv</applicableDeviceType><application><description>Netflix jump channel</description><name>Netflix</name><reference><uiDestinationId>tivo:ud.1013732</uiDestinationId></reference></application><association><description>Watch TV shows and movies recommended just for you, including award-winning Netflix original series, movies, and documentaries.</description><longName>Unlimited TV shows and movies</longName><shortName>Netflix</shortName><virtualChannelNumber>3001</virtualChannelNumber></association><autoStart>true</autoStart><delayed>5000</delayed><name>Netflix</name><version>1</version></configuration><configuration><applicableDeviceType>androidTv</applicableDeviceType><applicableDeviceType>androidTvSony</applicableDeviceType><applicableDeviceType>appleTv</applicableDeviceType><applicableDeviceType>managedAndroidTv</applicableDeviceType><application><description>Prime Video jump channel</description><name>Prime Video</name><reference><uiDestinationId>tivo:ud.1006382</uiDestinationId></reference></application><association><description>Movies, shows, award-winning Amazon Originals, premium channels, sports and more. New Releases. Watch on any device. Hit shows and movies. 4K+HDR compatible content.</description><longName>Watch Now</longName><shortName>Prime Video</shortName><virtualChannelNumber>3002</virtualChannelNumber></association><autoStart>true</autoStart><delayed>5000</delayed><name>Prime Video</name><version>1</version></configuration><configuration><applicableDeviceType>androidTv</applicableDeviceType><applicableDeviceType>androidTvSony</applicableDeviceType><applicableDeviceType>appleTv</applicableDeviceType><applicableDeviceType>managedAndroidTv</applicableDeviceType><application><description>YouTube jump channel</description><name>YouTube</name><reference><uiDestinationId>tivo:ud.1006122</uiDestinationId></reference></application><association><description>See what the world is watching in music, gaming, entertainment, news and more on YouTube.</description><longName>Watch Now</longName><shortName>YouTube</shortName><virtualChannelNumber>3003</virtualChannelNumber></association><autoStart>true</autoStart><delayed>5000</delayed><name>YouTube</name><version>1</version></configuration><configuration><applicableDeviceType>androidTv</applicableDeviceType><applicableDeviceType>androidTvSony</applicableDeviceType><applicableDeviceType>appleTv</applicableDeviceType><applicableDeviceType>fireTv</applicableDeviceType><applicableDeviceType>managedAndroidTv</applicableDeviceType><application><description>BlueStreamDEV On Demand ch.3005</description><name>BlueStreamDEV On Demand</name><reference><uiDestinationId>tivo:ud.1015422</uiDestinationId></reference></application><association><description>VOD root</description><longName>Video On Demand</longName><shortName>VOD</shortName><virtualChannelNumber>3005</virtualChannelNumber></association><autoStart>true</autoStart><delayed>5000</delayed><name>BlueStreamDEV On Demand</name><version>1</version></configuration></headend><headend><headendId>orlando</headendId><partnerId>tivo:pt.5221</partnerId><configuration><applicableDeviceType>stb</applicableDeviceType><application><description>Netflix jump channel</description><name>Netflix</name><reference><uiDestinationId>tivo:ud.1013732</uiDestinationId></reference></application><association><description>Watch TV shows and movies recommended just for you, including award-winning Netflix original series, movies, and documentaries.</description><longName>Unlimited TV shows and movies</longName><shortName>Netflix</shortName><virtualChannelNumber>3001</virtualChannelNumber></association><autoStart>true</autoStart><delayed>5000</delayed><name>Netflix</name><version>1</version></configuration><configuration><applicableDeviceType>stb</applicableDeviceType><application><description>Prime Video jump channel</description><name>Prime Video</name><reference><uiDestinationId>tivo:ud.1006382</uiDestinationId></reference></application><association><description>Movies, shows, award-winning Amazon Originals, premium channels, sports and more. New Releases. Watch on any device. Hit shows and movies. 4K+HDR compatible content.</description><longName>Watch Now</longName><shortName>Prime Video</shortName><virtualChannelNumber>3002</virtualChannelNumber></association><autoStart>true</autoStart><delayed>5000</delayed><name>Prime Video</name><version>1</version></configuration><configuration><applicableDeviceType>stb</applicableDeviceType><application><description>YouTube jump channel</description><name>YouTube</name><reference><uiDestinationId>tivo:ud.1006122</uiDestinationId></reference></application><association><description>See what the world is watching in music, gaming, entertainment, news and more on YouTube.</description><longName>Watch Now</longName><shortName>YouTube</shortName><virtualChannelNumber>3003</virtualChannelNumber></association><autoStart>true</autoStart><delayed>5000</delayed><name>YouTube</name><version>1</version></configuration><configuration><applicableDeviceType>stb</applicableDeviceType><application><description>BlueStreamDEV On Demand ch.3005</description><name>BlueStreamDEV On Demand</name><reference><uiDestinationId>tivo:ud.1015422</uiDestinationId></reference></application><association><description>VOD root</description><longName>Video On Demand</longName><shortName>VOD</shortName><virtualChannelNumber>3005</virtualChannelNumber></association><autoStart>true</autoStart><delayed>5000</delayed><name>BlueStreamDEV On Demand</name><version>1</version></configuration></headend><headend><headendId>orlando_ip</headendId><partnerId>tivo:pt.5221</partnerId><configuration><applicableDeviceType>androidTv</applicableDeviceType><applicableDeviceType>androidTvSony</applicableDeviceType><applicableDeviceType>appleTv</applicableDeviceType><applicableDeviceType>managedAndroidTv</applicableDeviceType><application><description>Netflix jump channel</description><name>Netflix</name><reference><uiDestinationId>tivo:ud.1013732</uiDestinationId></reference></application><association><description>Watch TV shows and movies recommended just for you, including award-winning Netflix original series, movies, and documentaries.</description><longName>Unlimited TV shows and movies</longName><shortName>Netflix</shortName><virtualChannelNumber>3001</virtualChannelNumber></association><autoStart>true</autoStart><delayed>5000</delayed><name>Netflix</name><version>1</version></configuration><configuration><applicableDeviceType>androidTv</applicableDeviceType><applicableDeviceType>androidTvSony</applicableDeviceType><applicableDeviceType>appleTv</applicableDeviceType><applicableDeviceType>managedAndroidTv</applicableDeviceType><application><description>Prime Video jump channel</description><name>Prime Video</name><reference><uiDestinationId>tivo:ud.1006382</uiDestinationId></reference></application><association><description>Movies, shows, award-winning Amazon Originals, premium channels, sports and more. New Releases. Watch on any device. Hit shows and movies. 4K+HDR compatible content.</description><longName>Watch Now</longName><shortName>Prime Video</shortName><virtualChannelNumber>3002</virtualChannelNumber></association><autoStart>true</autoStart><delayed>5000</delayed><name>Prime Video</name><version>1</version></configuration><configuration><applicableDeviceType>androidTv</applicableDeviceType><applicableDeviceType>androidTvSony</applicableDeviceType><applicableDeviceType>appleTv</applicableDeviceType><applicableDeviceType>managedAndroidTv</applicableDeviceType><application><description>YouTube jump channel</description><name>YouTube</name><reference><uiDestinationId>tivo:ud.1006122</uiDestinationId></reference></application><association><description>See what the world is watching in music, gaming, entertainment, news and more on YouTube.</description><longName>Watch Now</longName><shortName>YouTube</shortName><virtualChannelNumber>3003</virtualChannelNumber></association><autoStart>true</autoStart><delayed>5000</delayed><name>YouTube</name><version>1</version></configuration><configuration><applicableDeviceType>androidTv</applicableDeviceType><applicableDeviceType>androidTvSony</applicableDeviceType><applicableDeviceType>appleTv</applicableDeviceType><applicableDeviceType>fireTv</applicableDeviceType><applicableDeviceType>managedAndroidTv</applicableDeviceType><application><description>BlueStreamDEV On Demand ch.3005</description><name>BlueStreamDEV On Demand</name><reference><uiDestinationId>tivo:ud.1015422</uiDestinationId></reference></application><association><description>VOD root</description><longName>Video On Demand</longName><shortName>VOD</shortName><virtualChannelNumber>3005</virtualChannelNumber></association><autoStart>true</autoStart><delayed>5000</delayed><name>BlueStreamDEV On Demand</name><version>1</version></configuration></headend><headend><headendId>sarasota_ip</headendId><partnerId>tivo:pt.5221</partnerId><configuration><applicableDeviceType>androidTv</applicableDeviceType><applicableDeviceType>androidTvSony</applicableDeviceType><applicableDeviceType>appleTv</applicableDeviceType><applicableDeviceType>managedAndroidTv</applicableDeviceType><application><description>Netflix jump channel</description><name>Netflix</name><reference><uiDestinationId>tivo:ud.1013732</uiDestinationId></reference></application><association><description>Watch TV shows and movies recommended just for you, including award-winning Netflix original series, movies, and documentaries.</description><longName>Unlimited TV shows and movies</longName><shortName>Netflix</shortName><virtualChannelNumber>3001</virtualChannelNumber></association><autoStart>true</autoStart><delayed>5000</delayed><name>Netflix</name><version>1</version></configuration><configuration><applicableDeviceType>androidTv</applicableDeviceType><applicableDeviceType>androidTvSony</applicableDeviceType><applicableDeviceType>appleTv</applicableDeviceType><applicableDeviceType>managedAndroidTv</applicableDeviceType><application><description>Prime Video jump channel</description><name>Prime Video</name><reference><uiDestinationId>tivo:ud.1006382</uiDestinationId></reference></application><association><description>Movies, shows, award-winning Amazon Originals, premium channels, sports and more. New Releases. Watch on any device. Hit shows and movies. 4K+HDR compatible content.</description><longName>Watch Now</longName><shortName>Prime Video</shortName><virtualChannelNumber>3002</virtualChannelNumber></association><autoStart>true</autoStart><delayed>5000</delayed><name>Prime Video</name><version>1</version></configuration><configuration><applicableDeviceType>androidTv</applicableDeviceType><applicableDeviceType>androidTvSony</applicableDeviceType><applicableDeviceType>appleTv</applicableDeviceType><applicableDeviceType>managedAndroidTv</applicableDeviceType><application><description>YouTube jump channel</description><name>YouTube</name><reference><uiDestinationId>tivo:ud.1006122</uiDestinationId></reference></application><association><description>See what the world is watching in music, gaming, entertainment, news and more on YouTube.</description><longName>Watch Now</longName><shortName>YouTube</shortName><virtualChannelNumber>3003</virtualChannelNumber></association><autoStart>true</autoStart><delayed>5000</delayed><name>YouTube</name><version>1</version></configuration><configuration><applicableDeviceType>androidTv</applicableDeviceType><applicableDeviceType>androidTvSony</applicableDeviceType><applicableDeviceType>appleTv</applicableDeviceType><applicableDeviceType>fireTv</applicableDeviceType><applicableDeviceType>managedAndroidTv</applicableDeviceType><application><description>BlueStreamDEV On Demand ch.3005</description><name>BlueStreamDEV On Demand</name><reference><uiDestinationId>tivo:ud.1015422</uiDestinationId></reference></application><association><description>VOD root</description><longName>Video On Demand</longName><shortName>VOD</shortName><virtualChannelNumber>3005</virtualChannelNumber></association><autoStart>true</autoStart><delayed>5000</delayed><name>BlueStreamDEV On Demand</name><version>1</version></configuration></headend><headend><headendId>tamarac</headendId><partnerId>tivo:pt.5221</partnerId><configuration><applicableDeviceType>stb</applicableDeviceType><application><description>Netflix jump channel</description><name>Netflix</name><reference><uiDestinationId>tivo:ud.1013732</uiDestinationId></reference></application><association><description>Watch TV shows and movies recommended just for you, including award-winning Netflix original series, movies, and documentaries.</description><longName>Unlimited TV shows and movies</longName><shortName>Netflix</shortName><virtualChannelNumber>3001</virtualChannelNumber></association><autoStart>true</autoStart><delayed>5000</delayed><name>Netflix</name><version>1</version></configuration><configuration><applicableDeviceType>stb</applicableDeviceType><application><description>Prime Video jump channel</description><name>Prime Video</name><reference><uiDestinationId>tivo:ud.1006382</uiDestinationId></reference></application><association><description>Movies, shows, award-winning Amazon Originals, premium channels, sports and more. New Releases. Watch on any device. Hit shows and movies. 4K+HDR compatible content.</description><longName>Watch Now</longName><shortName>Prime Video</shortName><virtualChannelNumber>3002</virtualChannelNumber></association><autoStart>true</autoStart><delayed>5000</delayed><name>Prime Video</name><version>1</version></configuration><configuration><applicableDeviceType>stb</applicableDeviceType><application><description>YouTube jump channel</description><name>YouTube</name><reference><uiDestinationId>tivo:ud.1006122</uiDestinationId></reference></application><association><description>See what the world is watching in music, gaming, entertainment, news and more on YouTube.</description><longName>Watch Now</longName><shortName>YouTube</shortName><virtualChannelNumber>3003</virtualChannelNumber></association><autoStart>true</autoStart><delayed>5000</delayed><name>YouTube</name><version>1</version></configuration><configuration><applicableDeviceType>stb</applicableDeviceType><application><description>BlueStreamDEV On Demand ch.3005</description><name>BlueStreamDEV On Demand</name><reference><uiDestinationId>tivo:ud.1015422</uiDestinationId></reference></application><association><description>VOD root</description><longName>Video On Demand</longName><shortName>VOD</shortName><virtualChannelNumber>3005</virtualChannelNumber></association><autoStart>true</autoStart><delayed>5000</delayed><name>BlueStreamDEV On Demand</name><version>1</version></configuration></headend><headend><headendId>tamarac_ip</headendId><partnerId>tivo:pt.5221</partnerId><configuration><applicableDeviceType>androidTv</applicableDeviceType><applicableDeviceType>androidTvSony</applicableDeviceType><applicableDeviceType>appleTv</applicableDeviceType><applicableDeviceType>managedAndroidTv</applicableDeviceType><application><description>Netflix jump channel</description><name>Netflix</name><reference><uiDestinationId>tivo:ud.1013732</uiDestinationId></reference></application><association><description>Watch TV shows and movies recommended just for you, including award-winning Netflix original series, movies, and documentaries.</description><longName>Unlimited TV shows and movies</longName><shortName>Netflix</shortName><virtualChannelNumber>3001</virtualChannelNumber></association><autoStart>true</autoStart><delayed>5000</delayed><name>Netflix</name><version>1</version></configuration><configuration><applicableDeviceType>androidTv</applicableDeviceType><applicableDeviceType>androidTvSony</applicableDeviceType><applicableDeviceType>appleTv</applicableDeviceType><applicableDeviceType>managedAndroidTv</applicableDeviceType><application><description>Prime Video jump channel</description><name>Prime Video</name><reference><uiDestinationId>tivo:ud.1006382</uiDestinationId></reference></application><association><description>Movies, shows, award-winning Amazon Originals, premium channels, sports and more. New Releases. Watch on any device. Hit shows and movies. 4K+HDR compatible content.</description><longName>Watch Now</longName><shortName>Prime Video</shortName><virtualChannelNumber>3002</virtualChannelNumber></association><autoStart>true</autoStart><delayed>5000</delayed><name>Prime Video</name><version>1</version></configuration><configuration><applicableDeviceType>androidTv</applicableDeviceType><applicableDeviceType>androidTvSony</applicableDeviceType><applicableDeviceType>appleTv</applicableDeviceType><applicableDeviceType>managedAndroidTv</applicableDeviceType><application><description>YouTube jump channel</description><name>YouTube</name><reference><uiDestinationId>tivo:ud.1006122</uiDestinationId></reference></application><association><description>See what the world is watching in music, gaming, entertainment, news and more on YouTube.</description><longName>Watch Now</longName><shortName>YouTube</shortName><virtualChannelNumber>3003</virtualChannelNumber></association><autoStart>true</autoStart><delayed>5000</delayed><name>YouTube</name><version>1</version></configuration><configuration><applicableDeviceType>androidTv</applicableDeviceType><applicableDeviceType>androidTvSony</applicableDeviceType><applicableDeviceType>appleTv</applicableDeviceType><applicableDeviceType>fireTv</applicableDeviceType><applicableDeviceType>managedAndroidTv</applicableDeviceType><application><description>BlueStreamDEV On Demand ch.3005</description><name>BlueStreamDEV On Demand</name><reference><uiDestinationId>tivo:ud.1015422</uiDestinationId></reference></application><association><description>VOD root</description><longName>Video On Demand</longName><shortName>VOD</shortName><virtualChannelNumber>3005</virtualChannelNumber></association><autoStart>true</autoStart><delayed>5000</delayed><name>BlueStreamDEV On Demand</name><version>1</version></configuration></headend><headend><headendId>tampa</headendId><partnerId>tivo:pt.5221</partnerId><configuration><applicableDeviceType>stb</applicableDeviceType><application><description>Netflix jump channel</description><name>Netflix</name><reference><uiDestinationId>tivo:ud.1013732</uiDestinationId></reference></application><association><description>Watch TV shows and movies recommended just for you, including award-winning Netflix original series, movies, and documentaries.</description><longName>Unlimited TV shows and movies</longName><shortName>Netflix</shortName><virtualChannelNumber>3001</virtualChannelNumber></association><autoStart>true</autoStart><delayed>5000</delayed><name>Netflix</name><version>1</version></configuration><configuration><applicableDeviceType>stb</applicableDeviceType><application><description>Prime Video jump channel</description><name>Prime Video</name><reference><uiDestinationId>tivo:ud.1006382</uiDestinationId></reference></application><association><description>Movies, shows, award-winning Amazon Originals, premium channels, sports and more. New Releases. Watch on any device. Hit shows and movies. 4K+HDR compatible content.</description><longName>Watch Now</longName><shortName>Prime Video</shortName><virtualChannelNumber>3002</virtualChannelNumber></association><autoStart>true</autoStart><delayed>5000</delayed><name>Prime Video</name><version>1</version></configuration><configuration><applicableDeviceType>stb</applicableDeviceType><application><description>YouTube jump channel</description><name>YouTube</name><reference><uiDestinationId>tivo:ud.1006122</uiDestinationId></reference></application><association><description>See what the world is watching in music, gaming, entertainment, news and more on YouTube.</description><longName>Watch Now</longName><shortName>YouTube</shortName><virtualChannelNumber>3003</virtualChannelNumber></association><autoStart>true</autoStart><delayed>5000</delayed><name>YouTube</name><version>1</version></configuration><configuration><applicableDeviceType>stb</applicableDeviceType><application><description>BlueStreamDEV On Demand ch.3005</description><name>BlueStreamDEV On Demand</name><reference><uiDestinationId>tivo:ud.1015422</uiDestinationId></reference></application><association><description>VOD root</description><longName>Video On Demand</longName><shortName>VOD</shortName><virtualChannelNumber>3005</virtualChannelNumber></association><autoStart>true</autoStart><delayed>5000</delayed><name>BlueStreamDEV On Demand</name><version>1</version></configuration></headend><headend><headendId>tampa_ip</headendId><partnerId>tivo:pt.5221</partnerId><configuration><applicableDeviceType>androidTv</applicableDeviceType><applicableDeviceType>androidTvSony</applicableDeviceType><applicableDeviceType>appleTv</applicableDeviceType><applicableDeviceType>managedAndroidTv</applicableDeviceType><application><description>Netflix jump channel</description><name>Netflix</name><reference><uiDestinationId>tivo:ud.1013732</uiDestinationId></reference></application><association><description>Watch TV shows and movies recommended just for you, including award-winning Netflix original series, movies, and documentaries.</description><longName>Unlimited TV shows and movies</longName><shortName>Netflix</shortName><virtualChannelNumber>3001</virtualChannelNumber></association><autoStart>true</autoStart><delayed>5000</delayed><name>Netflix</name><version>1</version></configuration><configuration><applicableDeviceType>androidTv</applicableDeviceType><applicableDeviceType>androidTvSony</applicableDeviceType><applicableDeviceType>appleTv</applicableDeviceType><applicableDeviceType>managedAndroidTv</applicableDeviceType><application><description>Prime Video jump channel</description><name>Prime Video</name><reference><uiDestinationId>tivo:ud.1006382</uiDestinationId></reference></application><association><description>Movies, shows, award-winning Amazon Originals, premium channels, sports and more. New Releases. Watch on any device. Hit shows and movies. 4K+HDR compatible content.</description><longName>Watch Now</longName><shortName>Prime Video</shortName><virtualChannelNumber>3002</virtualChannelNumber></association><autoStart>true</autoStart><delayed>5000</delayed><name>Prime Video</name><version>1</version></configuration><configuration><applicableDeviceType>androidTv</applicableDeviceType><applicableDeviceType>androidTvSony</applicableDeviceType><applicableDeviceType>appleTv</applicableDeviceType><applicableDeviceType>managedAndroidTv</applicableDeviceType><application><description>YouTube jump channel</description><name>YouTube</name><reference><uiDestinationId>tivo:ud.1006122</uiDestinationId></reference></application><association><description>See what the world is watching in music, gaming, entertainment, news and more on YouTube.</description><longName>Watch Now</longName><shortName>YouTube</shortName><virtualChannelNumber>3003</virtualChannelNumber></association><autoStart>true</autoStart><delayed>5000</delayed><name>YouTube</name><version>1</version></configuration><configuration><applicableDeviceType>androidTv</applicableDeviceType><applicableDeviceType>androidTvSony</applicableDeviceType><applicableDeviceType>appleTv</applicableDeviceType><applicableDeviceType>fireTv</applicableDeviceType><applicableDeviceType>managedAndroidTv</applicableDeviceType><application><description>BlueStreamDEV On Demand ch.3005</description><name>BlueStreamDEV On Demand</name><reference><uiDestinationId>tivo:ud.1015422</uiDestinationId></reference></application><association><description>VOD root</description><longName>Video On Demand</longName><shortName>VOD</shortName><virtualChannelNumber>3005</virtualChannelNumber></association><autoStart>true</autoStart><delayed>5000</delayed><name>BlueStreamDEV On Demand</name><version>1</version></configuration></headend><headend><headendId>traditions_ip</headendId><partnerId>tivo:pt.5221</partnerId><configuration><applicableDeviceType>androidTv</applicableDeviceType><applicableDeviceType>androidTvSony</applicableDeviceType><applicableDeviceType>appleTv</applicableDeviceType><applicableDeviceType>managedAndroidTv</applicableDeviceType><application><description>Netflix jump channel</description><name>Netflix</name><reference><uiDestinationId>tivo:ud.1013732</uiDestinationId></reference></application><association><description>Watch TV shows and movies recommended just for you, including award-winning Netflix original series, movies, and documentaries.</description><longName>Unlimited TV shows and movies</longName><shortName>Netflix</shortName><virtualChannelNumber>3001</virtualChannelNumber></association><autoStart>true</autoStart><delayed>5000</delayed><name>Netflix</name><version>1</version></configuration><configuration><applicableDeviceType>androidTv</applicableDeviceType><applicableDeviceType>androidTvSony</applicableDeviceType><applicableDeviceType>appleTv</applicableDeviceType><applicableDeviceType>managedAndroidTv</applicableDeviceType><application><description>Prime Video jump channel</description><name>Prime Video</name><reference><uiDestinationId>tivo:ud.1006382</uiDestinationId></reference></application><association><description>Movies, shows, award-winning Amazon Originals, premium channels, sports and more. New Releases. Watch on any device. Hit shows and movies. 4K+HDR compatible content.</description><longName>Watch Now</longName><shortName>Prime Video</shortName><virtualChannelNumber>3002</virtualChannelNumber></association><autoStart>true</autoStart><delayed>5000</delayed><name>Prime Video</name><version>1</version></configuration><configuration><applicableDeviceType>androidTv</applicableDeviceType><applicableDeviceType>androidTvSony</applicableDeviceType><applicableDeviceType>appleTv</applicableDeviceType><applicableDeviceType>managedAndroidTv</applicableDeviceType><application><description>YouTube jump channel</description><name>YouTube</name><reference><uiDestinationId>tivo:ud.1006122</uiDestinationId></reference></application><association><description>See what the world is watching in music, gaming, entertainment, news and more on YouTube.</description><longName>Watch Now</longName><shortName>YouTube</shortName><virtualChannelNumber>3003</virtualChannelNumber></association><autoStart>true</autoStart><delayed>5000</delayed><name>YouTube</name><version>1</version></configuration><configuration><applicableDeviceType>androidTv</applicableDeviceType><applicableDeviceType>androidTvSony</applicableDeviceType><applicableDeviceType>appleTv</applicableDeviceType><applicableDeviceType>fireTv</applicableDeviceType><applicableDeviceType>managedAndroidTv</applicableDeviceType><application><description>BlueStreamDEV On Demand ch.3005</description><name>BlueStreamDEV On Demand</name><reference><uiDestinationId>tivo:ud.1015422</uiDestinationId></reference></application><association><description>VOD root</description><longName>Video On Demand</longName><shortName>VOD</shortName><virtualChannelNumber>3005</virtualChannelNumber></association><autoStart>true</autoStart><delayed>5000</delayed><name>BlueStreamDEV On Demand</name><version>1</version></configuration></headend><headend><headendId>weston</headendId><partnerId>tivo:pt.5221</partnerId><configuration><applicableDeviceType>stb</applicableDeviceType><application><description>Netflix jump channel</description><name>Netflix</name><reference><uiDestinationId>tivo:ud.1013732</uiDestinationId></reference></application><association><description>Watch TV shows and movies recommended just for you, including award-winning Netflix original series, movies, and documentaries.</description><longName>Unlimited TV shows and movies</longName><shortName>Netflix</shortName><virtualChannelNumber>3001</virtualChannelNumber></association><autoStart>true</autoStart><delayed>5000</delayed><name>Netflix</name><version>1</version></configuration><configuration><applicableDeviceType>stb</applicableDeviceType><application><description>Prime Video jump channel</description><name>Prime Video</name><reference><uiDestinationId>tivo:ud.1006382</uiDestinationId></reference></application><association><description>Movies, shows, award-winning Amazon Originals, premium channels, sports and more. New Releases. Watch on any device. Hit shows and movies. 4K+HDR compatible content.</description><longName>Watch Now</longName><shortName>Prime Video</shortName><virtualChannelNumber>3002</virtualChannelNumber></association><autoStart>true</autoStart><delayed>5000</delayed><name>Prime Video</name><version>1</version></configuration><configuration><applicableDeviceType>stb</applicableDeviceType><application><description>YouTube jump channel</description><name>YouTube</name><reference><uiDestinationId>tivo:ud.1006122</uiDestinationId></reference></application><association><description>See what the world is watching in music, gaming, entertainment, news and more on YouTube.</description><longName>Watch Now</longName><shortName>YouTube</shortName><virtualChannelNumber>3003</virtualChannelNumber></association><autoStart>true</autoStart><delayed>5000</delayed><name>YouTube</name><version>1</version></configuration><configuration><applicableDeviceType>stb</applicableDeviceType><application><description>BlueStreamDEV On Demand ch.3005</description><name>BlueStreamDEV On Demand</name><reference><uiDestinationId>tivo:ud.1015422</uiDestinationId></reference></application><association><description>VOD root</description><longName>Video On Demand</longName><shortName>VOD</shortName><virtualChannelNumber>3005</virtualChannelNumber></association><autoStart>true</autoStart><delayed>5000</delayed><name>BlueStreamDEV On Demand</name><version>1</version></configuration></headend><headend><headendId>weston_ip</headendId><partnerId>tivo:pt.5221</partnerId><configuration><applicableDeviceType>androidTv</applicableDeviceType><applicableDeviceType>androidTvSony</applicableDeviceType><applicableDeviceType>appleTv</applicableDeviceType><applicableDeviceType>managedAndroidTv</applicableDeviceType><application><description>Netflix jump channel</description><name>Netflix</name><reference><uiDestinationId>tivo:ud.1013732</uiDestinationId></reference></application><association><description>Watch TV shows and movies recommended just for you, including award-winning Netflix original series, movies, and documentaries.</description><longName>Unlimited TV shows and movies</longName><shortName>Netflix</shortName><virtualChannelNumber>3001</virtualChannelNumber></association><autoStart>true</autoStart><delayed>5000</delayed><name>Netflix</name><version>1</version></configuration><configuration><applicableDeviceType>androidTv</applicableDeviceType><applicableDeviceType>androidTvSony</applicableDeviceType><applicableDeviceType>appleTv</applicableDeviceType><applicableDeviceType>managedAndroidTv</applicableDeviceType><application><description>Prime Video jump channel</description><name>Prime Video</name><reference><uiDestinationId>tivo:ud.1006382</uiDestinationId></reference></application><association><description>Movies, shows, award-winning Amazon Originals, premium channels, sports and more. New Releases. Watch on any device. Hit shows and movies. 4K+HDR compatible content.</description><longName>Watch Now</longName><shortName>Prime Video</shortName><virtualChannelNumber>3002</virtualChannelNumber></association><autoStart>true</autoStart><delayed>5000</delayed><name>Prime Video</name><version>1</version></configuration><configuration><applicableDeviceType>androidTv</applicableDeviceType><applicableDeviceType>androidTvSony</applicableDeviceType><applicableDeviceType>appleTv</applicableDeviceType><applicableDeviceType>managedAndroidTv</applicableDeviceType><application><description>YouTube jump channel</description><name>YouTube</name><reference><uiDestinationId>tivo:ud.1006122</uiDestinationId></reference></application><association><description>See what the world is watching in music, gaming, entertainment, news and more on YouTube.</description><longName>Watch Now</longName><shortName>YouTube</shortName><virtualChannelNumber>3003</virtualChannelNumber></association><autoStart>true</autoStart><delayed>5000</delayed><name>YouTube</name><version>1</version></configuration><configuration><applicableDeviceType>androidTv</applicableDeviceType><applicableDeviceType>androidTvSony</applicableDeviceType><applicableDeviceType>appleTv</applicableDeviceType><applicableDeviceType>fireTv</applicableDeviceType><applicableDeviceType>managedAndroidTv</applicableDeviceType><application><description>BlueStreamDEV On Demand ch.3005</description><name>BlueStreamDEV On Demand</name><reference><uiDestinationId>tivo:ud.1015422</uiDestinationId></reference></application><association><description>VOD root</description><longName>Video On Demand</longName><shortName>VOD</shortName><virtualChannelNumber>3005</virtualChannelNumber></association><autoStart>true</autoStart><delayed>5000</delayed><name>BlueStreamDEV On Demand</name><version>1</version></configuration></headend><headend><headendId>westpalm</headendId><partnerId>tivo:pt.5221</partnerId><configuration><applicableDeviceType>stb</applicableDeviceType><application><description>Netflix jump channel</description><name>Netflix</name><reference><uiDestinationId>tivo:ud.1013732</uiDestinationId></reference></application><association><description>Watch TV shows and movies recommended just for you, including award-winning Netflix original series, movies, and documentaries.</description><longName>Unlimited TV shows and movies</longName><shortName>Netflix</shortName><virtualChannelNumber>3001</virtualChannelNumber></association><autoStart>true</autoStart><delayed>5000</delayed><name>Netflix</name><version>1</version></configuration><configuration><applicableDeviceType>stb</applicableDeviceType><application><description>Prime Video jump channel</description><name>Prime Video</name><reference><uiDestinationId>tivo:ud.1006382</uiDestinationId></reference></application><association><description>Movies, shows, award-winning Amazon Originals, premium channels, sports and more. New Releases. Watch on any device. Hit shows and movies. 4K+HDR compatible content.</description><longName>Watch Now</longName><shortName>Prime Video</shortName><virtualChannelNumber>3002</virtualChannelNumber></association><autoStart>true</autoStart><delayed>5000</delayed><name>Prime Video</name><version>1</version></configuration><configuration><applicableDeviceType>stb</applicableDeviceType><application><description>YouTube jump channel</description><name>YouTube</name><reference><uiDestinationId>tivo:ud.1006122</uiDestinationId></reference></application><association><description>See what the world is watching in music, gaming, entertainment, news and more on YouTube.</description><longName>Watch Now</longName><shortName>YouTube</shortName><virtualChannelNumber>3003</virtualChannelNumber></association><autoStart>true</autoStart><delayed>5000</delayed><name>YouTube</name><version>1</version></configuration><configuration><applicableDeviceType>stb</applicableDeviceType><application><description>BlueStreamDEV On Demand ch.3005</description><name>BlueStreamDEV On Demand</name><reference><uiDestinationId>tivo:ud.1015422</uiDestinationId></reference></application><association><description>VOD root</description><longName>Video On Demand</longName><shortName>VOD</shortName><virtualChannelNumber>3005</virtualChannelNumber></association><autoStart>true</autoStart><delayed>5000</delayed><name>BlueStreamDEV On Demand</name><version>1</version></configuration></headend><headend><headendId>westpalm_ip</headendId><partnerId>tivo:pt.5221</partnerId><configuration><applicableDeviceType>androidTv</applicableDeviceType><applicableDeviceType>androidTvSony</applicableDeviceType><applicableDeviceType>appleTv</applicableDeviceType><applicableDeviceType>managedAndroidTv</applicableDeviceType><application><description>Netflix jump channel</description><name>Netflix</name><reference><uiDestinationId>tivo:ud.1013732</uiDestinationId></reference></application><association><description>Watch TV shows and movies recommended just for you, including award-winning Netflix original series, movies, and documentaries.</description><longName>Unlimited TV shows and movies</longName><shortName>Netflix</shortName><virtualChannelNumber>3001</virtualChannelNumber></association><autoStart>true</autoStart><delayed>5000</delayed><name>Netflix</name><version>1</version></configuration><configuration><applicableDeviceType>androidTv</applicableDeviceType><applicableDeviceType>androidTvSony</applicableDeviceType><applicableDeviceType>appleTv</applicableDeviceType><applicableDeviceType>managedAndroidTv</applicableDeviceType><application><description>Prime Video jump channel</description><name>Prime Video</name><reference><uiDestinationId>tivo:ud.1006382</uiDestinationId></reference></application><association><description>Movies, shows, award-winning Amazon Originals, premium channels, sports and more. New Releases. Watch on any device. Hit shows and movies. 4K+HDR compatible content.</description><longName>Watch Now</longName><shortName>Prime Video</shortName><virtualChannelNumber>3002</virtualChannelNumber></association><autoStart>true</autoStart><delayed>5000</delayed><name>Prime Video</name><version>1</version></configuration><configuration><applicableDeviceType>androidTv</applicableDeviceType><applicableDeviceType>androidTvSony</applicableDeviceType><applicableDeviceType>appleTv</applicableDeviceType><applicableDeviceType>managedAndroidTv</applicableDeviceType><application><description>YouTube jump channel</description><name>YouTube</name><reference><uiDestinationId>tivo:ud.1006122</uiDestinationId></reference></application><association><description>See what the world is watching in music, gaming, entertainment, news and more on YouTube.</description><longName>Watch Now</longName><shortName>YouTube</shortName><virtualChannelNumber>3003</virtualChannelNumber></association><autoStart>true</autoStart><delayed>5000</delayed><name>YouTube</name><version>1</version></configuration><configuration><applicableDeviceType>androidTv</applicableDeviceType><applicableDeviceType>androidTvSony</applicableDeviceType><applicableDeviceType>appleTv</applicableDeviceType><applicableDeviceType>fireTv</applicableDeviceType><applicableDeviceType>managedAndroidTv</applicableDeviceType><application><description>BlueStreamDEV On Demand ch.3005</description><name>BlueStreamDEV On Demand</name><reference><uiDestinationId>tivo:ud.1015422</uiDestinationId></reference></application><association><description>VOD root</description><longName>Video On Demand</longName><shortName>VOD</shortName><virtualChannelNumber>3005</virtualChannelNumber></association><autoStart>true</autoStart><delayed>5000</delayed><name>BlueStreamDEV On Demand</name><version>1</version></configuration></headend></partnerServiceConfiguration>
