<?xml version="1.0"?>
<partnerServiceConfiguration><headend><headendId>AL01401</headendId><partnerId>tivo:pt.4222</partnerId><configuration><application><description>netflix jump channel (558)</description><name>Netflix</name><reference><uiDestinationId>tivo:ud.1000171</uiDestinationId></reference></application><association><description>Instantly stream thousands of your favorite TV shows, movies and original series. No commercials. No hidden fees. No hassles. Cancel anytime.</description><shortName>NETFLIX</shortName><virtualChannelNumber>558</virtualChannelNumber></association><autoStart>true</autoStart><delayed>5000</delayed><name>Netflix</name><version>1</version></configuration></headend><headend><headendId>AR03470</headendId><partnerId>tivo:pt.4222</partnerId><configuration><application><description>netflix jump channel (558)</description><name>Netflix</name><reference><uiDestinationId>tivo:ud.1000171</uiDestinationId></reference></application><association><description>Instantly stream thousands of your favorite TV shows, movies and original series. No commercials. No hidden fees. No hassles. Cancel anytime.</description><shortName>NETFLIX</shortName><virtualChannelNumber>558</virtualChannelNumber></association><autoStart>true</autoStart><delayed>5000</delayed><name>Netflix</name><version>1</version></configuration></headend><headend><headendId>AZ02405</headendId><partnerId>tivo:pt.4222</partnerId><configuration><application><description>netflix jump channel (558)</description><name>Netflix</name><reference><uiDestinationId>tivo:ud.1000171</uiDestinationId></reference></application><association><description>Instantly stream thousands of your favorite TV shows, movies and original series. No commercials. No hidden fees. No hassles. Cancel anytime.</description><shortName>NETFLIX</shortName><virtualChannelNumber>558</virtualChannelNumber></association><autoStart>true</autoStart><delayed>5000</delayed><name>Netflix</name><version>1</version></configuration></headend><headend><headendId>AZ02408</headendId><partnerId>tivo:pt.4222</partnerId><configuration><application><description>netflix jump channel (558)</description><name>Netflix</name><reference><uiDestinationId>tivo:ud.1000171</uiDestinationId></reference></application><association><description>Instantly stream thousands of your favorite TV shows, movies and original series. No commercials. No hidden fees. No hassles. Cancel anytime.</description><shortName>NETFLIX</shortName><virtualChannelNumber>558</virtualChannelNumber></association><autoStart>true</autoStart><delayed>5000</delayed><name>Netflix</name><version>1</version></configuration></headend><headend><headendId>AZ02410</headendId><partnerId>tivo:pt.4222</partnerId><configuration><application><description>netflix jump channel (558)</description><name>Netflix</name><reference><uiDestinationId>tivo:ud.1000171</uiDestinationId></reference></application><association><description>Instantly stream thousands of your favorite TV shows, movies and original series. No commercials. No hidden fees. No hassles. Cancel anytime.</description><shortName>NETFLIX</shortName><virtualChannelNumber>558</virtualChannelNumber></association><autoStart>true</autoStart><delayed>5000</delayed><name>Netflix</name><version>1</version></configuration></headend><headend><headendId>AZ02413</headendId><partnerId>tivo:pt.4222</partnerId><configuration><application><description>netflix jump channel (558)</description><name>Netflix</name><reference><uiDestinationId>tivo:ud.1000171</uiDestinationId></reference></application><association><description>Instantly stream thousands of your favorite TV shows, movies and original series. No commercials. No hidden fees. No hassles. Cancel anytime.</description><shortName>NETFLIX</shortName><virtualChannelNumber>558</virtualChannelNumber></association><autoStart>true</autoStart><delayed>5000</delayed><name>Netflix</name><version>1</version></configuration></headend><headend><headendId>AZ02418</headendId><partnerId>tivo:pt.4222</partnerId><configuration><application><description>netflix jump channel (558)</description><name>Netflix</name><reference><uiDestinationId>tivo:ud.1000171</uiDestinationId></reference></application><association><description>Instantly stream thousands of your favorite TV shows, movies and original series. No commercials. No hidden fees. No hassles. Cancel anytime.</description><shortName>NETFLIX</shortName><virtualChannelNumber>558</virtualChannelNumber></association><autoStart>true</autoStart><delayed>5000</delayed><name>Netflix</name><version>1</version></configuration></headend><headend><headendId>AZ02423</headendId><partnerId>tivo:pt.4222</partnerId><configuration><application><description>netflix jump channel (558)</description><name>Netflix</name><reference><uiDestinationId>tivo:ud.1000171</uiDestinationId></reference></application><association><description>Instantly stream thousands of your favorite TV shows, movies and original series. No commercials. No hidden fees. No hassles. Cancel anytime.</description><shortName>NETFLIX</shortName><virtualChannelNumber>558</virtualChannelNumber></association><autoStart>true</autoStart><delayed>5000</delayed><name>Netflix</name><version>1</version></configuration></headend><headend><headendId>AZ02424</headendId><partnerId>tivo:pt.4222</partnerId><configuration><application><description>netflix jump channel (558)</description><name>Netflix</name><reference><uiDestinationId>tivo:ud.1000171</uiDestinationId></reference></application><association><description>Instantly stream thousands of your favorite TV shows, movies and original series. No commercials. No hidden fees. No hassles. Cancel anytime.</description><shortName>NETFLIX</shortName><virtualChannelNumber>558</virtualChannelNumber></association><autoStart>true</autoStart><delayed>5000</delayed><name>Netflix</name><version>1</version></configuration></headend><headend><headendId>AZ61770</headendId><partnerId>tivo:pt.4222</partnerId><configuration><application><description>netflix jump channel (558)</description><name>Netflix</name><reference><uiDestinationId>tivo:ud.1000171</uiDestinationId></reference></application><association><description>Instantly stream thousands of your favorite TV shows, movies and original series. No commercials. No hidden fees. No hassles. Cancel anytime.</description><shortName>NETFLIX</shortName><virtualChannelNumber>558</virtualChannelNumber></association><autoStart>true</autoStart><delayed>5000</delayed><name>Netflix</name><version>1</version></configuration></headend><headend><headendId>AZ66063</headendId><partnerId>tivo:pt.4222</partnerId><configuration><application><description>netflix jump channel (558)</description><name>Netflix</name><reference><uiDestinationId>tivo:ud.1000171</uiDestinationId></reference></application><association><description>Instantly stream thousands of your favorite TV shows, movies and original series. No commercials. No hidden fees. No hassles. Cancel anytime.</description><shortName>NETFLIX</shortName><virtualChannelNumber>558</virtualChannelNumber></association><autoStart>true</autoStart><delayed>5000</delayed><name>Netflix</name><version>1</version></configuration></headend><headend><headendId>AZ69615</headendId><partnerId>tivo:pt.4222</partnerId><configuration><application><description>netflix jump channel (558)</description><name>Netflix</name><reference><uiDestinationId>tivo:ud.1000171</uiDestinationId></reference></application><association><description>Instantly stream thousands of your favorite TV shows, movies and original series. No commercials. No hidden fees. No hassles. Cancel anytime.</description><shortName>NETFLIX</shortName><virtualChannelNumber>558</virtualChannelNumber></association><autoStart>true</autoStart><delayed>5000</delayed><name>Netflix</name><version>1</version></configuration></headend><headend><headendId>IA14467</headendId><partnerId>tivo:pt.4222</partnerId><configuration><application><description>netflix jump channel (558)</description><name>Netflix</name><reference><uiDestinationId>tivo:ud.1000171</uiDestinationId></reference></application><association><description>Instantly stream thousands of your favorite TV shows, movies and original series. No commercials. No hidden fees. No hassles. Cancel anytime.</description><shortName>NETFLIX</shortName><virtualChannelNumber>558</virtualChannelNumber></association><autoStart>true</autoStart><delayed>5000</delayed><name>Netflix</name><version>1</version></configuration></headend><headend><headendId>ID11403</headendId><partnerId>tivo:pt.4222</partnerId><configuration><application><description>netflix jump channel (558)</description><name>Netflix</name><reference><uiDestinationId>tivo:ud.1000171</uiDestinationId></reference></application><association><description>Instantly stream thousands of your favorite TV shows, movies and original series. No commercials. No hidden fees. No hassles. Cancel anytime.</description><shortName>NETFLIX</shortName><virtualChannelNumber>558</virtualChannelNumber></association><autoStart>true</autoStart><delayed>5000</delayed><name>Netflix</name><version>1</version></configuration></headend><headend><headendId>ID11404</headendId><partnerId>tivo:pt.4222</partnerId><configuration><application><description>netflix jump channel (558)</description><name>Netflix</name><reference><uiDestinationId>tivo:ud.1000171</uiDestinationId></reference></application><association><description>Instantly stream thousands of your favorite TV shows, movies and original series. No commercials. No hidden fees. No hassles. Cancel anytime.</description><shortName>NETFLIX</shortName><virtualChannelNumber>558</virtualChannelNumber></association><autoStart>true</autoStart><delayed>5000</delayed><name>Netflix</name><version>1</version></configuration></headend><headend><headendId>ID11440</headendId><partnerId>tivo:pt.4222</partnerId><configuration><application><description>netflix jump channel (558)</description><name>Netflix</name><reference><uiDestinationId>tivo:ud.1000171</uiDestinationId></reference></application><association><description>Instantly stream thousands of your favorite TV shows, movies and original series. No commercials. No hidden fees. No hassles. Cancel anytime.</description><shortName>NETFLIX</shortName><virtualChannelNumber>558</virtualChannelNumber></association><autoStart>true</autoStart><delayed>5000</delayed><name>Netflix</name><version>1</version></configuration></headend><headend><headendId>ID11474</headendId><partnerId>tivo:pt.4222</partnerId><configuration><application><description>netflix jump channel (558)</description><name>Netflix</name><reference><uiDestinationId>tivo:ud.1000171</uiDestinationId></reference></application><association><description>Instantly stream thousands of your favorite TV shows, movies and original series. No commercials. No hidden fees. No hassles. Cancel anytime.</description><shortName>NETFLIX</shortName><virtualChannelNumber>558</virtualChannelNumber></association><autoStart>true</autoStart><delayed>5000</delayed><name>Netflix</name><version>1</version></configuration></headend><headend><headendId>ID11488</headendId><partnerId>tivo:pt.4222</partnerId><configuration><application><description>netflix jump channel (558)</description><name>Netflix</name><reference><uiDestinationId>tivo:ud.1000171</uiDestinationId></reference></application><association><description>Instantly stream thousands of your favorite TV shows, movies and original series. No commercials. No hidden fees. No hassles. Cancel anytime.</description><shortName>NETFLIX</shortName><virtualChannelNumber>558</virtualChannelNumber></association><autoStart>true</autoStart><delayed>5000</delayed><name>Netflix</name><version>1</version></configuration></headend><headend><headendId>KS15413</headendId><partnerId>tivo:pt.4222</partnerId><configuration><application><description>netflix jump channel (558)</description><name>Netflix</name><reference><uiDestinationId>tivo:ud.1000171</uiDestinationId></reference></application><association><description>Instantly stream thousands of your favorite TV shows, movies and original series. No commercials. No hidden fees. No hassles. Cancel anytime.</description><shortName>NETFLIX</shortName><virtualChannelNumber>558</virtualChannelNumber></association><autoStart>true</autoStart><delayed>5000</delayed><name>Netflix</name><version>1</version></configuration></headend><headend><headendId>KS15415</headendId><partnerId>tivo:pt.4222</partnerId><configuration><application><description>netflix jump channel (558)</description><name>Netflix</name><reference><uiDestinationId>tivo:ud.1000171</uiDestinationId></reference></application><association><description>Instantly stream thousands of your favorite TV shows, movies and original series. No commercials. No hidden fees. No hassles. Cancel anytime.</description><shortName>NETFLIX</shortName><virtualChannelNumber>558</virtualChannelNumber></association><autoStart>true</autoStart><delayed>5000</delayed><name>Netflix</name><version>1</version></configuration></headend><headend><headendId>KS15418</headendId><partnerId>tivo:pt.4222</partnerId><configuration><application><description>netflix jump channel (558)</description><name>Netflix</name><reference><uiDestinationId>tivo:ud.1000171</uiDestinationId></reference></application><association><description>Instantly stream thousands of your favorite TV shows, movies and original series. No commercials. No hidden fees. No hassles. Cancel anytime.</description><shortName>NETFLIX</shortName><virtualChannelNumber>558</virtualChannelNumber></association><autoStart>true</autoStart><delayed>5000</delayed><name>Netflix</name><version>1</version></configuration></headend><headend><headendId>KS15424</headendId><partnerId>tivo:pt.4222</partnerId><configuration><application><description>netflix jump channel (558)</description><name>Netflix</name><reference><uiDestinationId>tivo:ud.1000171</uiDestinationId></reference></application><association><description>Instantly stream thousands of your favorite TV shows, movies and original series. No commercials. No hidden fees. No hassles. Cancel anytime.</description><shortName>NETFLIX</shortName><virtualChannelNumber>558</virtualChannelNumber></association><autoStart>true</autoStart><delayed>5000</delayed><name>Netflix</name><version>1</version></configuration></headend><headend><headendId>KS15430</headendId><partnerId>tivo:pt.4222</partnerId><configuration><application><description>netflix jump channel (558)</description><name>Netflix</name><reference><uiDestinationId>tivo:ud.1000171</uiDestinationId></reference></application><association><description>Instantly stream thousands of your favorite TV shows, movies and original series. No commercials. No hidden fees. No hassles. Cancel anytime.</description><shortName>NETFLIX</shortName><virtualChannelNumber>558</virtualChannelNumber></association><autoStart>true</autoStart><delayed>5000</delayed><name>Netflix</name><version>1</version></configuration></headend><headend><headendId>LA57395</headendId><partnerId>tivo:pt.4222</partnerId><configuration><application><description>netflix jump channel (558)</description><name>Netflix</name><reference><uiDestinationId>tivo:ud.1000171</uiDestinationId></reference></application><association><description>Instantly stream thousands of your favorite TV shows, movies and original series. No commercials. No hidden fees. No hassles. Cancel anytime.</description><shortName>NETFLIX</shortName><virtualChannelNumber>558</virtualChannelNumber></association><autoStart>true</autoStart><delayed>5000</delayed><name>Netflix</name><version>1</version></configuration></headend><headend><headendId>MO24422</headendId><partnerId>tivo:pt.4222</partnerId><configuration><application><description>netflix jump channel (558)</description><name>Netflix</name><reference><uiDestinationId>tivo:ud.1000171</uiDestinationId></reference></application><association><description>Instantly stream thousands of your favorite TV shows, movies and original series. No commercials. No hidden fees. No hassles. Cancel anytime.</description><shortName>NETFLIX</shortName><virtualChannelNumber>558</virtualChannelNumber></association><autoStart>true</autoStart><delayed>5000</delayed><name>Netflix</name><version>1</version></configuration></headend><headend><headendId>MO24433</headendId><partnerId>tivo:pt.4222</partnerId><configuration><application><description>netflix jump channel (558)</description><name>Netflix</name><reference><uiDestinationId>tivo:ud.1000171</uiDestinationId></reference></application><association><description>Instantly stream thousands of your favorite TV shows, movies and original series. No commercials. No hidden fees. No hassles. Cancel anytime.</description><shortName>NETFLIX</shortName><virtualChannelNumber>558</virtualChannelNumber></association><autoStart>true</autoStart><delayed>5000</delayed><name>Netflix</name><version>1</version></configuration></headend><headend><headendId>MS23402</headendId><partnerId>tivo:pt.4222</partnerId><configuration><application><description>netflix jump channel (558)</description><name>Netflix</name><reference><uiDestinationId>tivo:ud.1000171</uiDestinationId></reference></application><association><description>Instantly stream thousands of your favorite TV shows, movies and original series. No commercials. No hidden fees. No hassles. Cancel anytime.</description><shortName>NETFLIX</shortName><virtualChannelNumber>558</virtualChannelNumber></association><autoStart>true</autoStart><delayed>5000</delayed><name>Netflix</name><version>1</version></configuration></headend><headend><headendId>MS23406</headendId><partnerId>tivo:pt.4222</partnerId><configuration><application><description>netflix jump channel (558)</description><name>Netflix</name><reference><uiDestinationId>tivo:ud.1000171</uiDestinationId></reference></application><association><description>Instantly stream thousands of your favorite TV shows, movies and original series. No commercials. No hidden fees. No hassles. Cancel anytime.</description><shortName>NETFLIX</shortName><virtualChannelNumber>558</virtualChannelNumber></association><autoStart>true</autoStart><delayed>5000</delayed><name>Netflix</name><version>1</version></configuration></headend><headend><headendId>MS23413</headendId><partnerId>tivo:pt.4222</partnerId><configuration><application><description>netflix jump channel (558)</description><name>Netflix</name><reference><uiDestinationId>tivo:ud.1000171</uiDestinationId></reference></application><association><description>Instantly stream thousands of your favorite TV shows, movies and original series. No commercials. No hidden fees. No hassles. Cancel anytime.</description><shortName>NETFLIX</shortName><virtualChannelNumber>558</virtualChannelNumber></association><autoStart>true</autoStart><delayed>5000</delayed><name>Netflix</name><version>1</version></configuration></headend><headend><headendId>MS23414</headendId><partnerId>tivo:pt.4222</partnerId><configuration><application><description>netflix jump channel (558)</description><name>Netflix</name><reference><uiDestinationId>tivo:ud.1000171</uiDestinationId></reference></application><association><description>Instantly stream thousands of your favorite TV shows, movies and original series. No commercials. No hidden fees. No hassles. Cancel anytime.</description><shortName>NETFLIX</shortName><virtualChannelNumber>558</virtualChannelNumber></association><autoStart>true</autoStart><delayed>5000</delayed><name>Netflix</name><version>1</version></configuration></headend><headend><headendId>MS23420</headendId><partnerId>tivo:pt.4222</partnerId><configuration><application><description>netflix jump channel (558)</description><name>Netflix</name><reference><uiDestinationId>tivo:ud.1000171</uiDestinationId></reference></application><association><description>Instantly stream thousands of your favorite TV shows, movies and original series. No commercials. No hidden fees. No hassles. Cancel anytime.</description><shortName>NETFLIX</shortName><virtualChannelNumber>558</virtualChannelNumber></association><autoStart>true</autoStart><delayed>5000</delayed><name>Netflix</name><version>1</version></configuration></headend><headend><headendId>MS23421</headendId><partnerId>tivo:pt.4222</partnerId><configuration><application><description>netflix jump channel (558)</description><name>Netflix</name><reference><uiDestinationId>tivo:ud.1000171</uiDestinationId></reference></application><association><description>Instantly stream thousands of your favorite TV shows, movies and original series. No commercials. No hidden fees. No hassles. Cancel anytime.</description><shortName>NETFLIX</shortName><virtualChannelNumber>558</virtualChannelNumber></association><autoStart>true</autoStart><delayed>5000</delayed><name>Netflix</name><version>1</version></configuration></headend><headend><headendId>MS23425</headendId><partnerId>tivo:pt.4222</partnerId><configuration><application><description>netflix jump channel (558)</description><name>Netflix</name><reference><uiDestinationId>tivo:ud.1000171</uiDestinationId></reference></application><association><description>Instantly stream thousands of your favorite TV shows, movies and original series. No commercials. No hidden fees. No hassles. Cancel anytime.</description><shortName>NETFLIX</shortName><virtualChannelNumber>558</virtualChannelNumber></association><autoStart>true</autoStart><delayed>5000</delayed><name>Netflix</name><version>1</version></configuration></headend><headend><headendId>MS23435</headendId><partnerId>tivo:pt.4222</partnerId><configuration><application><description>netflix jump channel (558)</description><name>Netflix</name><reference><uiDestinationId>tivo:ud.1000171</uiDestinationId></reference></application><association><description>Instantly stream thousands of your favorite TV shows, movies and original series. No commercials. No hidden fees. No hassles. Cancel anytime.</description><shortName>NETFLIX</shortName><virtualChannelNumber>558</virtualChannelNumber></association><autoStart>true</autoStart><delayed>5000</delayed><name>Netflix</name><version>1</version></configuration></headend><headend><headendId>MS23452</headendId><partnerId>tivo:pt.4222</partnerId><configuration><application><description>netflix jump channel (558)</description><name>Netflix</name><reference><uiDestinationId>tivo:ud.1000171</uiDestinationId></reference></application><association><description>Instantly stream thousands of your favorite TV shows, movies and original series. No commercials. No hidden fees. No hassles. Cancel anytime.</description><shortName>NETFLIX</shortName><virtualChannelNumber>558</virtualChannelNumber></association><autoStart>true</autoStart><delayed>5000</delayed><name>Netflix</name><version>1</version></configuration></headend><headend><headendId>MS23471</headendId><partnerId>tivo:pt.4222</partnerId><configuration><application><description>netflix jump channel (558)</description><name>Netflix</name><reference><uiDestinationId>tivo:ud.1000171</uiDestinationId></reference></application><association><description>Instantly stream thousands of your favorite TV shows, movies and original series. No commercials. No hidden fees. No hassles. Cancel anytime.</description><shortName>NETFLIX</shortName><virtualChannelNumber>558</virtualChannelNumber></association><autoStart>true</autoStart><delayed>5000</delayed><name>Netflix</name><version>1</version></configuration></headend><headend><headendId>MS23491</headendId><partnerId>tivo:pt.4222</partnerId><configuration><application><description>netflix jump channel (558)</description><name>Netflix</name><reference><uiDestinationId>tivo:ud.1000171</uiDestinationId></reference></application><association><description>Instantly stream thousands of your favorite TV shows, movies and original series. No commercials. No hidden fees. No hassles. Cancel anytime.</description><shortName>NETFLIX</shortName><virtualChannelNumber>558</virtualChannelNumber></association><autoStart>true</autoStart><delayed>5000</delayed><name>Netflix</name><version>1</version></configuration></headend><headend><headendId>MS23531</headendId><partnerId>tivo:pt.4222</partnerId><configuration><application><description>netflix jump channel (558)</description><name>Netflix</name><reference><uiDestinationId>tivo:ud.1000171</uiDestinationId></reference></application><association><description>Instantly stream thousands of your favorite TV shows, movies and original series. No commercials. No hidden fees. No hassles. Cancel anytime.</description><shortName>NETFLIX</shortName><virtualChannelNumber>558</virtualChannelNumber></association><autoStart>true</autoStart><delayed>5000</delayed><name>Netflix</name><version>1</version></configuration></headend><headend><headendId>MS61667</headendId><partnerId>tivo:pt.4222</partnerId><configuration><application><description>netflix jump channel (558)</description><name>Netflix</name><reference><uiDestinationId>tivo:ud.1000171</uiDestinationId></reference></application><association><description>Instantly stream thousands of your favorite TV shows, movies and original series. No commercials. No hidden fees. No hassles. Cancel anytime.</description><shortName>NETFLIX</shortName><virtualChannelNumber>558</virtualChannelNumber></association><autoStart>true</autoStart><delayed>5000</delayed><name>Netflix</name><version>1</version></configuration></headend><headend><headendId>MS63079</headendId><partnerId>tivo:pt.4222</partnerId><configuration><application><description>netflix jump channel (558)</description><name>Netflix</name><reference><uiDestinationId>tivo:ud.1000171</uiDestinationId></reference></application><association><description>Instantly stream thousands of your favorite TV shows, movies and original series. No commercials. No hidden fees. No hassles. Cancel anytime.</description><shortName>NETFLIX</shortName><virtualChannelNumber>558</virtualChannelNumber></association><autoStart>true</autoStart><delayed>5000</delayed><name>Netflix</name><version>1</version></configuration></headend><headend><headendId>ND33468</headendId><partnerId>tivo:pt.4222</partnerId><configuration><application><description>netflix jump channel (558)</description><name>Netflix</name><reference><uiDestinationId>tivo:ud.1000171</uiDestinationId></reference></application><association><description>Instantly stream thousands of your favorite TV shows, movies and original series. No commercials. No hidden fees. No hassles. Cancel anytime.</description><shortName>NETFLIX</shortName><virtualChannelNumber>558</virtualChannelNumber></association><autoStart>true</autoStart><delayed>5000</delayed><name>Netflix</name><version>1</version></configuration></headend><headend><headendId>NE26411</headendId><partnerId>tivo:pt.4222</partnerId><configuration><application><description>netflix jump channel (558)</description><name>Netflix</name><reference><uiDestinationId>tivo:ud.1000171</uiDestinationId></reference></application><association><description>Instantly stream thousands of your favorite TV shows, movies and original series. No commercials. No hidden fees. No hassles. Cancel anytime.</description><shortName>NETFLIX</shortName><virtualChannelNumber>558</virtualChannelNumber></association><autoStart>true</autoStart><delayed>5000</delayed><name>Netflix</name><version>1</version></configuration></headend><headend><headendId>NE26456</headendId><partnerId>tivo:pt.4222</partnerId><configuration><application><description>netflix jump channel (558)</description><name>Netflix</name><reference><uiDestinationId>tivo:ud.1000171</uiDestinationId></reference></application><association><description>Instantly stream thousands of your favorite TV shows, movies and original series. No commercials. No hidden fees. No hassles. Cancel anytime.</description><shortName>NETFLIX</shortName><virtualChannelNumber>558</virtualChannelNumber></association><autoStart>true</autoStart><delayed>5000</delayed><name>Netflix</name><version>1</version></configuration></headend><headend><headendId>NE69614</headendId><partnerId>tivo:pt.4222</partnerId><configuration><application><description>netflix jump channel (558)</description><name>Netflix</name><reference><uiDestinationId>tivo:ud.1000171</uiDestinationId></reference></application><association><description>Instantly stream thousands of your favorite TV shows, movies and original series. No commercials. No hidden fees. No hassles. Cancel anytime.</description><shortName>NETFLIX</shortName><virtualChannelNumber>558</virtualChannelNumber></association><autoStart>true</autoStart><delayed>5000</delayed><name>Netflix</name><version>1</version></configuration></headend><headend><headendId>NM30401</headendId><partnerId>tivo:pt.4222</partnerId><configuration><application><description>netflix jump channel (558)</description><name>Netflix</name><reference><uiDestinationId>tivo:ud.1000171</uiDestinationId></reference></application><association><description>Instantly stream thousands of your favorite TV shows, movies and original series. No commercials. No hidden fees. No hassles. Cancel anytime.</description><shortName>NETFLIX</shortName><virtualChannelNumber>558</virtualChannelNumber></association><autoStart>true</autoStart><delayed>5000</delayed><name>Netflix</name><version>1</version></configuration></headend><headend><headendId>NM30458</headendId><partnerId>tivo:pt.4222</partnerId><configuration><application><description>netflix jump channel (558)</description><name>Netflix</name><reference><uiDestinationId>tivo:ud.1000171</uiDestinationId></reference></application><association><description>Instantly stream thousands of your favorite TV shows, movies and original series. No commercials. No hidden fees. No hassles. Cancel anytime.</description><shortName>NETFLIX</shortName><virtualChannelNumber>558</virtualChannelNumber></association><autoStart>true</autoStart><delayed>5000</delayed><name>Netflix</name><version>1</version></configuration></headend><headend><headendId>OK35403</headendId><partnerId>tivo:pt.4222</partnerId><configuration><application><description>netflix jump channel (558)</description><name>Netflix</name><reference><uiDestinationId>tivo:ud.1000171</uiDestinationId></reference></application><association><description>Instantly stream thousands of your favorite TV shows, movies and original series. No commercials. No hidden fees. No hassles. Cancel anytime.</description><shortName>NETFLIX</shortName><virtualChannelNumber>558</virtualChannelNumber></association><autoStart>true</autoStart><delayed>5000</delayed><name>Netflix</name><version>1</version></configuration></headend><headend><headendId>OK35405</headendId><partnerId>tivo:pt.4222</partnerId><configuration><application><description>netflix jump channel (558)</description><name>Netflix</name><reference><uiDestinationId>tivo:ud.1000171</uiDestinationId></reference></application><association><description>Instantly stream thousands of your favorite TV shows, movies and original series. No commercials. No hidden fees. No hassles. Cancel anytime.</description><shortName>NETFLIX</shortName><virtualChannelNumber>558</virtualChannelNumber></association><autoStart>true</autoStart><delayed>5000</delayed><name>Netflix</name><version>1</version></configuration></headend><headend><headendId>OK35409</headendId><partnerId>tivo:pt.4222</partnerId><configuration><application><description>netflix jump channel (558)</description><name>Netflix</name><reference><uiDestinationId>tivo:ud.1000171</uiDestinationId></reference></application><association><description>Instantly stream thousands of your favorite TV shows, movies and original series. No commercials. No hidden fees. No hassles. Cancel anytime.</description><shortName>NETFLIX</shortName><virtualChannelNumber>558</virtualChannelNumber></association><autoStart>true</autoStart><delayed>5000</delayed><name>Netflix</name><version>1</version></configuration></headend><headend><headendId>OK35413</headendId><partnerId>tivo:pt.4222</partnerId><configuration><application><description>netflix jump channel (558)</description><name>Netflix</name><reference><uiDestinationId>tivo:ud.1000171</uiDestinationId></reference></application><association><description>Instantly stream thousands of your favorite TV shows, movies and original series. No commercials. No hidden fees. No hassles. Cancel anytime.</description><shortName>NETFLIX</shortName><virtualChannelNumber>558</virtualChannelNumber></association><autoStart>true</autoStart><delayed>5000</delayed><name>Netflix</name><version>1</version></configuration></headend><headend><headendId>OK35420</headendId><partnerId>tivo:pt.4222</partnerId><configuration><application><description>netflix jump channel (558)</description><name>Netflix</name><reference><uiDestinationId>tivo:ud.1000171</uiDestinationId></reference></application><association><description>Instantly stream thousands of your favorite TV shows, movies and original series. No commercials. No hidden fees. No hassles. Cancel anytime.</description><shortName>NETFLIX</shortName><virtualChannelNumber>558</virtualChannelNumber></association><autoStart>true</autoStart><delayed>5000</delayed><name>Netflix</name><version>1</version></configuration></headend><headend><headendId>OK35444</headendId><partnerId>tivo:pt.4222</partnerId><configuration><application><description>netflix jump channel (558)</description><name>Netflix</name><reference><uiDestinationId>tivo:ud.1000171</uiDestinationId></reference></application><association><description>Instantly stream thousands of your favorite TV shows, movies and original series. No commercials. No hidden fees. No hassles. Cancel anytime.</description><shortName>NETFLIX</shortName><virtualChannelNumber>558</virtualChannelNumber></association><autoStart>true</autoStart><delayed>5000</delayed><name>Netflix</name><version>1</version></configuration></headend><headend><headendId>OK35448</headendId><partnerId>tivo:pt.4222</partnerId><configuration><application><description>netflix jump channel (558)</description><name>Netflix</name><reference><uiDestinationId>tivo:ud.1000171</uiDestinationId></reference></application><association><description>Instantly stream thousands of your favorite TV shows, movies and original series. No commercials. No hidden fees. No hassles. Cancel anytime.</description><shortName>NETFLIX</shortName><virtualChannelNumber>558</virtualChannelNumber></association><autoStart>true</autoStart><delayed>5000</delayed><name>Netflix</name><version>1</version></configuration></headend><headend><headendId>OK35456</headendId><partnerId>tivo:pt.4222</partnerId><configuration><application><description>netflix jump channel (558)</description><name>Netflix</name><reference><uiDestinationId>tivo:ud.1000171</uiDestinationId></reference></application><association><description>Instantly stream thousands of your favorite TV shows, movies and original series. No commercials. No hidden fees. No hassles. Cancel anytime.</description><shortName>NETFLIX</shortName><virtualChannelNumber>558</virtualChannelNumber></association><autoStart>true</autoStart><delayed>5000</delayed><name>Netflix</name><version>1</version></configuration></headend><headend><headendId>OK35458</headendId><partnerId>tivo:pt.4222</partnerId><configuration><application><description>netflix jump channel (558)</description><name>Netflix</name><reference><uiDestinationId>tivo:ud.1000171</uiDestinationId></reference></application><association><description>Instantly stream thousands of your favorite TV shows, movies and original series. No commercials. No hidden fees. No hassles. Cancel anytime.</description><shortName>NETFLIX</shortName><virtualChannelNumber>558</virtualChannelNumber></association><autoStart>true</autoStart><delayed>5000</delayed><name>Netflix</name><version>1</version></configuration></headend><headend><headendId>OK35537</headendId><partnerId>tivo:pt.4222</partnerId><configuration><application><description>netflix jump channel (558)</description><name>Netflix</name><reference><uiDestinationId>tivo:ud.1000171</uiDestinationId></reference></application><association><description>Instantly stream thousands of your favorite TV shows, movies and original series. No commercials. No hidden fees. No hassles. Cancel anytime.</description><shortName>NETFLIX</shortName><virtualChannelNumber>558</virtualChannelNumber></association><autoStart>true</autoStart><delayed>5000</delayed><name>Netflix</name><version>1</version></configuration></headend><headend><headendId>TN41423</headendId><partnerId>tivo:pt.4222</partnerId><configuration><application><description>netflix jump channel (558)</description><name>Netflix</name><reference><uiDestinationId>tivo:ud.1000171</uiDestinationId></reference></application><association><description>Instantly stream thousands of your favorite TV shows, movies and original series. No commercials. No hidden fees. No hassles. Cancel anytime.</description><shortName>NETFLIX</shortName><virtualChannelNumber>558</virtualChannelNumber></association><autoStart>true</autoStart><delayed>5000</delayed><name>Netflix</name><version>1</version></configuration></headend><headend><headendId>TX42412</headendId><partnerId>tivo:pt.4222</partnerId><configuration><application><description>netflix jump channel (558)</description><name>Netflix</name><reference><uiDestinationId>tivo:ud.1000171</uiDestinationId></reference></application><association><description>Instantly stream thousands of your favorite TV shows, movies and original series. No commercials. No hidden fees. No hassles. Cancel anytime.</description><shortName>NETFLIX</shortName><virtualChannelNumber>558</virtualChannelNumber></association><autoStart>true</autoStart><delayed>5000</delayed><name>Netflix</name><version>1</version></configuration></headend><headend><headendId>TX42442</headendId><partnerId>tivo:pt.4222</partnerId><configuration><application><description>netflix jump channel (558)</description><name>Netflix</name><reference><uiDestinationId>tivo:ud.1000171</uiDestinationId></reference></application><association><description>Instantly stream thousands of your favorite TV shows, movies and original series. No commercials. No hidden fees. No hassles. Cancel anytime.</description><shortName>NETFLIX</shortName><virtualChannelNumber>558</virtualChannelNumber></association><autoStart>true</autoStart><delayed>5000</delayed><name>Netflix</name><version>1</version></configuration></headend><headend><headendId>TX42518</headendId><partnerId>tivo:pt.4222</partnerId><configuration><application><description>netflix jump channel (558)</description><name>Netflix</name><reference><uiDestinationId>tivo:ud.1000171</uiDestinationId></reference></application><association><description>Instantly stream thousands of your favorite TV shows, movies and original series. No commercials. No hidden fees. No hassles. Cancel anytime.</description><shortName>NETFLIX</shortName><virtualChannelNumber>558</virtualChannelNumber></association><autoStart>true</autoStart><delayed>5000</delayed><name>Netflix</name><version>1</version></configuration></headend><headend><headendId>TX42540</headendId><partnerId>tivo:pt.4222</partnerId><configuration><application><description>netflix jump channel (558)</description><name>Netflix</name><reference><uiDestinationId>tivo:ud.1000171</uiDestinationId></reference></application><association><description>Instantly stream thousands of your favorite TV shows, movies and original series. No commercials. No hidden fees. No hassles. Cancel anytime.</description><shortName>NETFLIX</shortName><virtualChannelNumber>558</virtualChannelNumber></association><autoStart>true</autoStart><delayed>5000</delayed><name>Netflix</name><version>1</version></configuration></headend><headend><headendId>TX42854</headendId><partnerId>tivo:pt.4222</partnerId><configuration><application><description>netflix jump channel (558)</description><name>Netflix</name><reference><uiDestinationId>tivo:ud.1000171</uiDestinationId></reference></application><association><description>Instantly stream thousands of your favorite TV shows, movies and original series. No commercials. No hidden fees. No hassles. Cancel anytime.</description><shortName>NETFLIX</shortName><virtualChannelNumber>558</virtualChannelNumber></association><autoStart>true</autoStart><delayed>5000</delayed><name>Netflix</name><version>1</version></configuration></headend><headend><headendId>TX69613</headendId><partnerId>tivo:pt.4222</partnerId><configuration><application><description>netflix jump channel (558)</description><name>Netflix</name><reference><uiDestinationId>tivo:ud.1000171</uiDestinationId></reference></application><association><description>Instantly stream thousands of your favorite TV shows, movies and original series. No commercials. No hidden fees. No hassles. Cancel anytime.</description><shortName>NETFLIX</shortName><virtualChannelNumber>558</virtualChannelNumber></association><autoStart>true</autoStart><delayed>5000</delayed><name>Netflix</name><version>1</version></configuration></headend><headend><headendId>WA11430</headendId><partnerId>tivo:pt.4222</partnerId><configuration><application><description>netflix jump channel (558)</description><name>Netflix</name><reference><uiDestinationId>tivo:ud.1000171</uiDestinationId></reference></application><association><description>Instantly stream thousands of your favorite TV shows, movies and original series. No commercials. No hidden fees. No hassles. Cancel anytime.</description><shortName>NETFLIX</shortName><virtualChannelNumber>558</virtualChannelNumber></association><autoStart>true</autoStart><delayed>5000</delayed><name>Netflix</name><version>1</version></configuration></headend></partnerServiceConfiguration>
